{
  "candidate_pair_count": 4,
  "feature_non_null_rate": 1.0,
  "score_max": -0.45518129001328655,
  "score_min": -1.1866966493429012
}
