drug_id,disease_id,heat,resolvent,low_frequency_distance,source_degree,target_degree,score
drug:imatinib,disease:diabetes,0.0,0.0,0.9135742037433482,2.0,2.7,-0.9135742037433482
drug:imatinib,disease:leukemia,0.25895661328385666,0.5714285714285714,0.8707828967011578,2.0,2.0,-0.4689691405601583
drug:metformin,disease:diabetes,0.20655081899753208,1.1673819742489273,0.9535776025730505,2.0,2.7,-0.45518129001328655
drug:metformin,disease:leukemia,0.0,0.0,1.1866966493429012,2.0,2.0,-1.1866966493429012
